{"cameraMode":{"drawMode":0,"name":"Shaded","section":"Shading Mode"},"sceneLighting":false,"audioPlay":false,"sceneViewState":{"showFog":true,"showMaterialUpdate":false,"showSkybox":true,"showFlares":true,"showImageEffects":true,"showParticleSystems":true},"in2DMode":false,"pivot":{"x":4.765018463134766,"y":-4.866825103759766,"z":94.95726776123047},"rotation":{"x":-0.010311047546565533,"y":-0.30036038160324099,"z":0.003247069427743554,"w":-0.9537645578384399},"size":22.0,"orthographic":false}