{"cameraMode":{"drawMode":0,"name":"Shaded","section":"Shading Mode"},"sceneLighting":false,"audioPlay":false,"sceneViewState":{"showFog":true,"showMaterialUpdate":false,"showSkybox":true,"showFlares":true,"showImageEffects":true,"showParticleSystems":true},"in2DMode":false,"pivot":{"x":1.0932121276855469,"y":-8.24662971496582,"z":64.46979522705078},"rotation":{"x":-0.013299498707056046,"y":0.9863907098770142,"z":-0.10276758670806885,"w":-0.1276535838842392},"size":96.18952941894531,"orthographic":false}